<?xml version="1.0" encoding="UTF-8"?>
<!DOCTYPE sqlMap PUBLIC "-//ibatis.apache.org//DTD SQL Map 2.0//EN" "http://ibatis.apache.org/dtd/sql-map-2.dtd" >

<sqlMap namespace="MemberSpace">
<typeAlias  alias="egovMap" type="egovframework.rte.psl.dataaccess.util.EgovMap"/>
<typeAlias alias="memberVO" type="egovframework.example.sample.service.MemberVO"/>

<insert id="memberDAO.insertMember">
INSERT INTO member(
userid,
pass,
name,
gender,
birth,
phone,
zipcode,
address1,
address2)
VALUES(
#userid#,
#pass#,
#name#,
#gender#,
#birth#,
#phone#,
#zipcode#,
#address1#,
#address2#
)
</insert>

<select id="memberDAO.selectMemberIdCheck" resultClass="java.lang.Integer">
SELECT COUNT(*) FROM MEMBER 
WHERE userid=#userid#
</select>

<select id="memberDAO.selectMemberCount" resultClass="java.lang.Integer">
SELECT COUNT(*) FROM MEMBER WHERE userid=#userid# and pass = #pass#
</select>

</sqlMap>



